k,f1_hate_mean,f1_hate_std,f1_macro_mean,f1_macro_std,fpr_mean
16,0.6275471482387206,0.030087536220223265,0.5439989313879771,0.13484807271113458,0.6333587592168829
32,0.6769728614601446,0.018281115401134862,0.6745284853407387,0.03982068510834361,0.4377065853038393
64,0.6936691191370893,0.0027438996307614814,0.7203622484344995,0.0014245258722302475,0.32074752097635395
