k,f1_hate_mean,f1_hate_std,f1_macro_mean,f1_macro_std,fpr_mean
8,0.6970932216534823,3.509759112453311e-05,0.35032438860451887,0.0025317062397811133,0.9982078853046595
16,0.6972825909563642,0.00025209892627631024,0.35131272830511096,0.0021964840396664423,0.9973118279569894
32,0.6970684039087948,0.0,0.3485342019543974,0.0,1.0
64,0.7150609157726113,0.009223796284277662,0.5280624973331184,0.026360942583307644,0.7768817204301076
