{
  "f1_hate": 0.06140350877192982,
  "f1_non_hate": 0.6258741258741258,
  "f1_macro": 0.3436388173230278,
  "f1_weighted": 0.3238823457244509,
  "accuracy": 0.465,
  "precision_hate": 0.5,
  "recall_hate": 0.03271028037383177,
  "fpr": 0.03763440860215054,
  "checkpoint": "outputs/checkpoints/mbert_en/best_model",
  "test_file": "data/raw/hateval2019_ur_dev.tsv",
  "lang": "ur"
}