k,f1_hate_mean,f1_hate_std,f1_macro_mean,f1_macro_std,fpr_mean
8,0.6901593350882235,0.02080997442808628,0.4737079421629453,0.12091859642198101,0.8007149240393208
16,0.6969214585091265,0.007475691057343941,0.49553198817451954,0.05367022129965155,0.803395889186774
32,0.7369516204505931,0.025872059685386296,0.6336255339730971,0.09874640965349284,0.550491510277033
64,0.787046233952549,0.012305385219905254,0.7454537366922608,0.03763409063588987,0.354781054512958
